Id,Predicted
1078908002473967,4 5 6
1088661788162720,3 4 5
1135831840096131,4 5 6
1155707364762801,3 4 5 6 7
1193528614372522,1 2 3 4 5 6 7
1342341842555977,5 6 7
1376230102548538,3 5
1484015108443715,3 4 5 6
1511652472327933,3 4 5 6
1515791371925537,4 5
1523626374466191,4 5 6
1595157200651231,3 4 5
1633421716810430,3 4 5 6
176386983317166,3 4 5 6
201766694259643,1 5
2282119165430626,3 4 5 6
245091840114082,3 4 5 6
260088438350800,3 4 5 6
2612032348898808,3 4 5
267716987747316,3 5 6
270568197657759,5
2733077910105536,4 5
2785670514999113,1 2 3 4 5
2793592844052500,4 5
2823519134442400,4 5 6
298205514675959,3 4 5 6
299935777698057,3 4 5 6 7
3048127785223291,3 5
3049179535343805,3 4 5 6
315436843187821,3 4 5 6
327439811557339,4 5 6 7
328111958179013,3 4 5 6
3774133745990436,3 4 5 6 7
543655359858013,3 4 5 6 7
546913602844001,3 4 5 6 7
565997247671442,4 5 6
568390584063512,2 3 4 5
573105973395898,3 4 5 6
584937695755482,1 2 3 4 5 6 7
604665560166908,3 4 5 6
623709488205961,4 5 6
627601691142500,5 6 7
633875490575807,3 4 5 6
641736033316492,2 3 4 5 6
649146442306304,3 5
698571390962058,1 4 5 6 7
804371253426225,3 4 5 6
819726228513705,5 6 7
902319406905508,3 4 5 6
966995763736346,3 5 6 7
131791141513902,2 3 4 5 6 7
1324445081090706,1 2 3 4 5 6 7
148618116514237,3 4 5
1493445220829848,3 4 5 6
180810113203825,2 3 4 5 6 7
1819847688149736,
184611819639317,3 5
195428928175078,3 4 5 6
198858587893589,3 4 5 6
226802245420716,3 4 5 6
2312521605718215,3 4 5
232050121379725,3 5 6
233682247970927,3 4 5
2443449699091866,2 3 4 5
244576623307696,3 4 5 6 7
2484476575137530,3 4 5
248946639712751,3 4 5
2541150466101070,3 4 5
2630072750549803,3 4 5
270302154358707,3 4 5 6
277977680006174,3 4 5 6 7
2781568431920114,3 4 5 6
278665573267767,3 4 5 6
301340244191647,3 4 5 6
3013451525390174,1 2 3 4 5 6 7
3033101653471040,3 4 5 6
3040627029358097,3 4 5 6 7
331651031104154,4 5
371693613805105,3 4 5
436532413722539,3 4 5 6
470028987008131,1 4 5 6 7
495188291167073,3 4 5 6
513194889344469,3 4 5 6
546552482928342,3 4 5 6
555407018681291,5 6
562426154361674,3 4 5 6 7
577096033189390,3 4 5
587347615469496,5 6
587954088468200,5 6 7
605731796672852,3 5
612167942880294,1 2 3 5 6
665670344165241,1 2 3 4 5 7
673245723517809,3 4 5 6
697026281114220,3 4 5 6 7
704770123670522,2 3 4 5 6
719704895542484,3 4 5 6 7
784101705410434,5 6 7
817971932015322,3 4 5 6
826187091186479,3 4 5 6
978640799234826,3 4 5 6
1007267083023093,1 2 3 4 5
1007620759633119,4 5 6
1009817552754177,3 4 5 6
1013130212434925,3 4 5 6
1016291432118989,3 4 5 6 7
1016343038762276,3 4 5 6
1017729411977216,3 4 5 6
1024487534574969,3 4 5
1025273474556756,3 4 5 6
1034760726920933,3 4 5 6
1041562802911876,4 5 6 7
1041954022888853,3 4 5 6
1042446786176096,3 4 5 6 7
1044661595892640,3 4 5 6
1045840269146973,3 4 5 6 7
1045997222401869,5
1046844995718063,3 4 5
1070133243358452,3 4 5
1078949459136086,2 3 4 5 6
1079254309136901,4 5 6 7
1086892851679998,1 4 5 6
1088253415043637,3 4 5 6
1092117631188621,4 5 6
1097100144005103,3 4 5 6
1099353290432097,3 4 5
1099827463723609,4 5
1102834286756810,3 4 5 6
1105348039852014,3 4 5 6
1105816363098864,6 7
1107379752954198,4 5
1109815646059635,4 5 6
1111070479269737,3 4 5 6
1111876075850387,5
1113515499019109,2 3 4 5 6
1114794438888805,1 2 3 5 6
1116375295401629,3 4 5 6 7
1116735285393062,3 4 5 6
1117759241922270,3 4 5 6
1124989391190222,3 4 5 6 7
1129615377393501,3 4 5 6 7
1132121620479616,3 4 5 6 7
1132187157134468,1 5 6 7
1133450387034045,3 4 5 6
1134270216927887,5
1134422126943106,5
1134609806918280,3 4 5
1136470226738014,3 4 5 6
1137022339981240,4 5 6
1137049159997290,3 4 5 6 7
1137312159954665,1 5
1138086686556827,3 5
1138166366576231,4 5 6 7
1139996096369197,1 3 4 5
1146924945654951,4 5 6
1147646265590706,3 4 5 6
1147790532253502,
1148210752180302,4 5
1149531595416475,5 6
1151309568564051,3 4 5 6
1151531778519980,3 4 5
1151805545171720,4 5 6 7
1152624408449037,3 4 5 6
1153143371711392,3 4 5
1155076294845400,4 5 6
1160242831003155,1 5
1162064767487634,4 5
1164113987263670,3 4 5 6 7
1164415730587530,3 4 5 6
1167142270317918,3 4 5 6
1169325986735368,3 4 5 6
1169389660077352,1 2 3 4 5 6
1169469506753303,4 5 6
1172707056449026,2 3 4 5
1173083413043107,1 3 4 5 6 7
1176018812732129,3 4 5 6
1183766598636588,2 3 4 5 6
1187207601640975,3 4 5 6
1188538198003532,5
1188812964802214,2 3 4 5 6
1193511817652968,1 2 3 4 5 6
1195613984112719,4 5 6
1196089587436728,3 4 5 6
1197986120532493,3 4 5 6 7
1198911617108961,3 4 5 6 7
1205884483094757,3 5 6
1207726056064328,3 4 5 6
1218155435195528,3 4 5 6
1219024155114871,4 5
1222089144808338,3 4 5 6 7
1224720391203536,2 3 4 5 6
122837772399054,3 4 5 6
1229112804090532,2 3 4 5 6
1232456030428949,3 4 5 6
1243033352565743,3 4 5 6
1243709005960767,5 6 7
125510628812169,3 4 5 6
125770075493800,4 5 6 7
1266516876871284,1 2 3 4 5 6
1267287050143328,3 4 5 6
1267748913556641,2 3 4 5
1273125616214161,5
127432318505858,3 4 5 6 7
1275719619302496,2 3 4 5 6
1277161122675217,4 5 6
1293757077495155,4 5 6
1302026703624895,3 4 5
1302577643281533,3 4 5
1304246059780192,5 6 7
1307088696163989,3 4 5 6 7
1315047408683235,2 3 4 5 6
1323826294471464,3 4 5 6
1325936084277559,3 4 5 6
1326017977602162,3 4 5 6
133210894702437,3 4 5
1332945230234304,3 4 5 6 7
1333729486817882,3 5
1334613106732031,3 4 5 6
1336389109891881,2 3 5 6
1341234352749731,3 5
1346864072170648,3 4 5 6
1349989005196289,1 2 3 4 5 6
1353618801692560,3 4 5
1355510541326798,3 4 5
1356441684743780,3 4 5 6 7
1365078170358148,1 2 3 5 6 7
1368203560046415,3 4 5 6
137255010913971,1 2 3 4 5 6 7
1373527639518136,3 4 5 6
1377117599148151,5 6
1379762935568260,3 4 5
1380853422115589,3 4 5 6
1381591652231065,1 2 3 4 5 6 7
1385503368309981,3 4 5 6
1386492688202391,2 3 4 5 6
1386793981496813,4 5 6 7
1387274888327877,4 5 6
1390856907756463,3 4 5 6
1396938447161821,2 3 4 5 6 7
1398092153912286,3 4 5
1398838540312644,3 4 5
1399710960219781,5
1407002173051005,3 5
1409618569249493,4 5 6
1416093908584701,3 4 5 6
1422164617956392,3 4 5 6 7
1434509653405853,3 4 5 6 7
1434643183387673,3 4 5 6 7
143489766954146,2 3 4 5 6 7
1435468409997494,3 4 5 7
1436310999887193,4 5 6
143887690167673,4 5 6
1443596069145143,3 4 5 6 7
1444629135725344,3 4 5 6 7
1445529709142170,4 5
1446050485596247,5 6
1452291501782874,4 5 6 7
1457690481070522,4 5 6
145833883337365,3 4 5
1459027480948357,3 4 5 6 7
1460449604128856,4 5
1464689297028222,2 3 4 5 6
1468024343399600,3 4 5
1481585605339127,4 5 6 7
148321116612702,4 5
1483358668502921,2 3 4 5
1484989385007232,3 4 5
1487767244735276,2 3 4 5 6
1488659547978185,3 4 5 6
1490129017834268,3 5
1495472090635502,3 4 5
1501552396693094,3 4 5 6
1504739953040872,5 6
1512787882237482,3 5 6
1515849391915581,4 5 6
1516344531871966,3 4 5 6 7
1517915728369277,5 6
1523726741121347,3 4 5 6 7
1529027220637408,1 2 3 4 5 6 7
1531965370315938,3 4 5 6
1532027453633069,1 2 3 4 5 6
1538159553000281,3 4 5 6
1539029006268702,2 3 4 5 6
1542087282636180,3 4 5
1544765095691643,3 4 5 6 7
1548143882027811,3 5
1556921971149950,4 5
1561148910727248,1 2 3 4 5
1567785443397257,3 4 5 6 7
1574479192712805,2 3 4 5 6
1576124922550641,3 4 5 6
1580301092134310,4 5 6
158685288910226,3 4 5 6
1593859900789191,3 4 5 6
1598900193605845,3 4 5 6
1602777413212501,3 5 6
1607739562717570,2 3 4 5 6
1609246789240665,3 4 5
1610551919102366,3 4 5 6 7
1617552351730832,1 3 4 5 7
1623881814430847,1 4 5 7
162649231803436,2 3 4 5 6
1628872760604559,3 4 5 6
1633758523457641,1
1634838720006731,3 4 5
1638423406311574,1 2 3 5 6
1639771502852129,1 2 3 4 5
1641668769330626,3 4 5
1646527008839587,3 4 5 6 7
1647885168711109,3 4 5 6 7
1660288870801823,1 2 3 4 5 6 7
1670091119833161,4 5 6
1673400899479758,3 4 5
1675964765877259,3 4 5 6
1681312735350037,2 3 4 5 6
168266540881721,3 4 5
168535231080932,3 4 5
1687158078103695,3 4 5 6
1694305600721343,3 4 5
169500534177618,5 6
1697599750380999,1 3 4 5 6 7
1697695713717892,5
1699430316880270,3 4 5
1701526806691946,5 6 7
172313920844238,3 4 5 6
172764167360046,3 4 5 6
172794934092121,3 4 5 6
1729594710525802,3 5 6
173690037005061,1 2 3 4 5
174557890612640,3 4 5 6 7
175209757135516,1 5
175266830443116,2 3 4 5 6 7
176455833738426,2 3 4 5 6
176554443767022,2 3 4 5 6
176634300456890,5
176713383777003,3 4 5
1768974916628706,3 5 6
177124997014877,5 6
178344480261687,3 5 6
178543056910537,3 4 5
179371490111776,4 5 6
181359649973174,5 6
181541283284894,3 4 5 6
1815986645370694,3 4 5 6 7
182068513220970,3 5
182196979753272,1 3 4 5 6 7
1821979754610703,3 5 6
182375876379815,2 3 5
1824531834355347,3 4 5 6
182927506113825,3 4 5 6
183666726364087,3 4 5 6
184896342909923,3 4 5 6
185255209536591,3 4 5 6 7
185352726230558,3 4 5 6
185603546196270,2 3 4 5 6
185702622815623,3 4 5 6
1858502327614072,5 6
185910452758737,3 4 5 6
186438812797542,3 4 5
187709192449588,3 4 5 6
187808845988773,3 4 5 6
187977302556492,4 5
188718555822962,3 4 5 6
188786442471851,4 5 6
188870292534783,4 5 6 7
188920149127893,3 4 5
189102495808719,2 3 4 5 6
1891211081016048,5 6
189737259111033,1 3 4 5 6 7
189977515562391,3 4 5 6
189984978738959,1 2 3 4 5 6 7
190008128993531,3 4 5
190606868806092,2 3 4 5 6
190974385676188,4 5 6
191103378969500,3 4 5
191625662146143,4 5 6
1917165711754297,1 3 4 5
191754702120910,5
191761048737451,3 4 5
191780648736836,3 5 6
191910442188255,3 4 5
1921036928203085,3 4 5 6
192206398738428,3 4 5 6
192446478552517,3 4 5 6
192648635454360,3 4 5 6 7
192922241786019,3 4 5 6
193275038680810,3 5 6
193299645312155,3 5 6
193937031992465,3 4 5
195041718515342,4 5 6
1950837668382630,3 4 5
195747908400691,5
195830011742010,4 5 6
195863571503513,4 5 6
196003875022484,3 4 5 6
196204715112514,2 3 5
196209604839705,1 3 4 5
196906911567982,4 5
197031644935105,3 5 6
197209804684682,2 3
197419244649477,1 2 3 5 6
1978696168941903,1 4 5
1980207795446391,2 3 4 5 6 7
198097954889382,2 3 4 5
199058834690151,3 4 5 6
199707767791740,4 5 6
200376101150377,3 4 5
200726047683021,2 3 5 6
201798280948026,1 4 5 6
201922831240711,4 5 6
202160327436121,3 4 5
202460640862140,1 2 3 4 5 6 7
202574650811989,3 4 5
203156944233458,3 4 5
203932934211929,3 4 5 6
203968254003324,3 4 5 6
2068832543262876,3 4 5 6
207006197224969,3 5
207487676936309,2 3 4 5 6 7
207521946979817,4 5
208237563934365,5 6 7
208599986992262,4 5 6
208912753668222,6 7
209668163467138,3 4 5 6
212468639770236,3 4 5
212588983207443,5 6
213181103199692,3 4 5
213486889619063,3 4 5 6
213786839850417,3 5 6 7
214504623053055,3 4 5 6
215588672856201,5
215939582803973,2 3 4 5 6
216370996224324,3 4 5 6 7
216952552928598,3 4 5 6 7
218730846017732,3 4 5 6
218851669164366,3 4 5 6
218872859080681,1 2 3 4 5 6
218992778737301,3 4 5 6
219566112364524,4 5 6
2204142976546482,2 4 5 6 7
2220530088092236,2 3 4 5 6 7
2222743531205876,3 4 5 6
222665342161894,3 4 5 6
224901555270603,2 3 4 5 6
225219251909474,3 4 5 6 7
225319008715894,3 4 5
227145528343964,3 5 6
2272828093014745,4 5
2276456422664029,1 2 3 4 7
228064551806258,3 4 5
228312105148427,2 3 4 5 6
2290637557912717,5 6
229363381669645,3 4 5 6
2294021154238712,3 4 5 6
229651391642581,1 3 4 5
2298445430462755,2 3 4 5 6
2301358166827000,3 4 5
230610124814572,3 4 5 6
2306314763010904,3 4 5 6
2308342622803965,2 3 4 5
2314238738871409,3 4 5
2314356085534210,4 5 6
231468581284517,3 4 5 6
231508704597093,3 4 5 6
2316871061949299,1 2 3 4 5 6 7
2324002954562603,3 4 5 6
2325580694412468,1 3 4 5
232674388018089,3 4 5 6
233033094666114,3 5
233125884620891,4 5
2331345863831743,3 4 5
2333324916971501,3 4 5 6
233452844713498,3 4 5
2340256662936808,3 4 5 6 7
235179347778924,3 4 5 6
2355109604789464,1 5
235542444356347,1 3 5
2355967128040271,3 5
2358870571079592,5 6
2361153534177394,3 4 5 6 7
236274760992795,3 4 5
2363929473904197,3 4 5 6 7
236445590986142,3 4 5
236513880950662,3 4 5 6
2368234380149286,3 4 5 6
237074327579011,3 4 5 6
237318974032092,3 4 5
237602667344772,3 4
237895130873849,2 3 4 5 6
238079914151275,3 4 5 6
238128497222999,3 4 5 6
238175110776914,3 4 5
238760647287118,3 4 5 6
2395914180473820,3 4 5 6
2400666556703464,5 6
240267770573699,2 3 4 5 6
240272847411530,5 6
2403461379951904,3 4 5 6 7
2404322889671377,3 4 5 6 7
240656747066667,4 5 6
2412720442351770,3 4 5 6 7
241400403752234,2 3 4 5 6
241866810249124,3 5
242024997180812,5
2423247947967185,3 5 6
242420206967734,3 4 5 6
242730010393392,3 4 5 6
242854893458343,4 5 6
242972877156514,2 3 4 5 6
243004703667478,3 4 5 6
2432502603717660,3 4 5
243274903445391,2 3 4 5 6
244037937042336,5
244252543523561,4 5
244339520286999,4 5 6
244781266848478,5 6
244880426958909,3 4 5 6 7
244928496871900,5
245161646567573,3 4 5 6 7
2452488661520186,1 2 3 4 5 6 7
2454055117977453,1 2 3 4 5 6
245458583434530,3 4 5 6 7
245475883411956,3 4 5
245636063421272,5
245645746733281,4 5 6
245687790069491,1 4 5 6
245832950203432,1 3 4 5
246422230123170,2 3
246854463226606,3 4 5 6 7
246893806547877,3 4 5 6
247639606347151,3 4 5
247682056321475,1 2 3 4 5 6
2479309712350175,3 4 5 6 7
248074993183775,5 6
248399996605313,3 4 5 6 7
248647636233407,1 2 3 4 5 6 7
248887699538049,3 4 5 6
2490997451149343,3 5 6
249154746532980,2 3 4 5 6
249252143067081,2 3 4 5 6
249390546128602,5 6
2494644207513416,4 5 6
249821296438286,3 4 5 6
249867269549455,3 4 5 6 7
2499354703499367,3 4 5 6 7
250001216304142,3 4 5 6 7
250006882750290,1 2 3 4 5 6
2500965630158028,3 4 5 6
250243919678019,3 4 5 6
250342946386720,3 4 5
2504825003162185,3 4 5 6
250653382934350,1 2 3 4 5 6 7
2506816436223715,3 4 5 6
251080722863755,5 6
2511571885819474,3 4 5
251440629184549,5 6
251440882788452,1 4 5
251511056269667,1 4 5
251534072918934,1 5
251699769501379,2 3 4 5
2518585611792739,
251870359403438,3 4 5
2520661124813077,
252117965933246,3 5
2522239828089637,3 4 5 6
252287399354930,3 4 5 6
252296082850762,3 4 5 6 7
252338499322696,2 3 5
2523477437981001,2 3 4 5 6
252413892541268,3 4 5 6
252631712694353,3 4 5 6
2526355861010426,1 2 5 6 7
252651562679512,3 4 5 6
252737562633574,2 3 4 5 6
252774652677921,3 4 5 6
2529417454045665,3 4 5 6
252967662639576,2 3 4 5 6
252981519106114,3 4 5 6
253064325920803,3 4 5 6 7
253253452555783,3 4 5 6
253337405921216,3 4 5 6 7
2534265196674481,3 4 5 6
2534640750134351,2 3 4 5 6
253569589423768,4 5 6
2535770240010689,3 4 5 6
253735079064595,3 4 5
253744665947497,6
253751325728034,2 3 4 5
253852139051217,1 3 5 6
253857089233137,1 3 4 5 6 7
254005119195252,5 6
254043755738282,3 4 5 6
254108195700952,5 6
254134885994142,3 4 5
2541698759263190,3 4 5 6
2541713592770807,3 4 5 6 7
254174935873547,5 6 7
2541830826093979,2 3 4 5 6
2542576966057893,3 4 5 6
254338982568716,3 4 5 6
254341088997910,3 4 5
254390438993499,3 4 5 6
2544194665894228,3 4 5 6
254421052497393,3 4 5
254497525805594,3 4 5 6
2545573835772050,3 4 5
254606645606487,1 2 3 4 5 6
254660522480409,4 5
254722562520592,3 4 5 6 7
2549237821844581,3 4 5 6
2550243171958191,1 2 3 4 5
2550415408622131,3 4 5 6 7
255080365559720,3 4 5 6
255374869181602,3 4 5
255393165883329,4 5 6 7
255418809076830,2 3 4 5 6
2555149504737911,2 3 4 5 6 7
2556945061189367,3 4 5 6
2557175597932002,4 5 6
2557628781004728,3 4 5
2560682410866026,3 5
256313535793209,3 4 5 6 7
256455649130069,
2564728720455969,1 5
256569118981822,1 2 3 4 5
2566608170252687,1 3 4 5 6
256700492219309,3 4 5 6
2567737780145462,3 5
256924122219809,3 4 5 6 7
256930222058405,4 5 6 7
257072865641392,3 4 5 6 7
2571240039813832,2 3 4 5
257205275533482,3 5
2572376073048433,3 4 5 6 7
257257398938980,1 2 3 4 5 6 7
257402628939962,3 4 5 6 7
257434938690720,1 5 6
2574587546126331,2 3 4 5 6 7
257459422162315,1 2 3 4 5 6
257571105523314,4 5 6
257592972028281,4 5 6
2576070965938329,1 4 5
2576564269111722,3 4 5
257691325323346,3 5 6
2577077305864027,4 5
2577079132606708,3 4 5
2577176809259742,3 4 5 6
257736281962370,1 3 5 6
257739392009363,3 4 5 6
2579006402200431,2 3 4 5 6
2581367075524234,3 4 5 6
258166345463332,5
258174368962415,5 6 7
258182848761071,3 4 5 6 7
258200932117150,3 4 5 6
2585169608402246,1 3 5 6
258625975429736,2 3 4 5 6 7
2586555988261816,3 4 5 6
2586586281658446,3 5 6 7
2587534644845981,3 4 5 6
2587711311481891,4 5 6
2587920684859249,3 4 5 6
258817965448250,5
258883725338783,1 3 4 5 6
258903192065077,4 5 6
258921415165925,4 5 6 7
2589524064618875,
258975225410328,3 4 5 6
2591217864484918,3 4 5 6
2591478344448546,3 4 5 6 7
259248451798034,2 3 4 5 6
259290448735190,3 4 5 6
2593171910996238,3 4 5 6
259339168757288,3 4 5 6
2594902714161148,3 4 5 6
259547678689675,3 4 5 6
259601142050784,1 2 3 4 5 6 7
259836211897352,3 4 5 6
259852105245814,3 4 5 6
2599412616990380,4 5 6
259961562003481,1 2 3 4 5 6
259996221875652,3 4 5 6
2601432103505973,3 4 5
260172125043159,3 4 5
260300721744970,2 3 4 5 6
260356198581114,2 3 4 5 6 7
2603648446406881,4 5
260436605034352,3 4 5 6
260493101856551,2 3 4 5 6 7
2605473629670826,4 5
2605618729492375,3 4 5 6
260709915236055,3 4 5 6
260761885148951,5 6
2607623216156181,3 4 5 6
260832852032087,2 3 4 5
260868725350240,3 4 5 6
260871851862861,4 5 6
260995645013645,3 4 5 6
261004368292766,1 2 3 4 5 6
261036698517213,3 4 5 6
261130068291033,5
261199521606304,3 4 5
2613102159010184,5
2615067938731128,4 5 6
261558371729255,4 5 6 7
261636328498000,3 4 5
2616639701923473,4 5
2616778375304017,5 6 7
261714568293858,1 5
261786271813157,3 4 5 6 7
261797358513100,4 5 6
2617977814969254,3 4 5 6
2620299991580724,5
262149988179504,4 5
2621753421371598,3 5
262220568531955,3 4 5 6
262330064974321,5 6
262443118188775,3 4 5 6
262513554821156,5 6
2627926287419231,2 3 4 5
262922031669232,1 3 4 5 6
2629707570602067,4 5 6
263037835053363,4 5 6 7
263178315032214,3 4 5 6 7
263241011722742,5 6 7
2632653073644230,3 4 5 6
2633315410277153,3 4 5 6 7
2633709116896986,3 4 5 6
2634444323489333,3 4 5 6
263452761737807,3 5 6
2636072213336855,3 4 5 6
263615918079405,3 4 5 6 7
263659464915201,3 4 5 6 7
263732234744643,1 2 3 4 5 6 7
263754404895440,3 4 5 6
263810478407067,3 4 5
263822088095537,2 3 4 5 6
263829588012744,3 4 5 6
263957184700951,3 4 5 6
2640927119560915,1 3 5
2644202762515951,2 3 4 5 6
2645425222367128,4 5 6
264548614796497,3 4 5 6 7
2645579945725395,3 4 5 6
2645604188993978,3 5 6 7
264713681459977,3 4 5 6
2648147435208551,3 4 5 6
264817901556345,2 3 5 6
264833937940591,3 4 5
264876031462048,3 4 5
2650176311888569,3 4 5 6
2651437628401413,3 4 5 6 7
2651680098441779,4 5
2651907024908569,3 4 5
265192634715467,3 4 5
2652122241708627,4 5 6
265255138004461,3 4 5 6 7
265365031384570,3 5
2655113738068928,3 4 5
2655468144682897,5 6
265638814502144,4 5 6
265714298175382,3 4 5 6
265716058055478,3 4 5
2657621501231664,5 6
265795877958064,5
265842258019101,3 4 5
2659929390889135,3 4 5 6 7
266010101129617,
2660704100924290,4 5 6
266126847863511,3 4 5
2662138510709389,3 4 5
266270344719677,4 5 6
266362807794683,3 4 5 6
266451444779100,3 5
2664622753796763,3 5
2664923280451407,3 4 5 6
266504121222691,3 4 5 6
2665300537050320,3 4 5 6
266775568067079,3
266937374578151,1 3 5 7
2669436716647784,3 4 5
266991107910422,3 4 5 6 7
267030774744341,3 4 5
2671185163166019,4 5
2671971283125020,3 5 6
2672687169610342,3 4 5 6
267271024589466,3 4 5 6
267440214335147,3 4 5 6
2675993286012088,3 5
267789154644715,5 6
2678718909012115,4 5 6
2679727418940256,3 4 5 6
2679830248941485,3 4 5 6
268025291073995,4 5 6
2680791532154462,2 3 4 5 6
268238894268587,2 3 4 5 6
268248350897031,4 5 6
2682848341959165,3 5
268462137870796,2 3 4 5 6
268472467920449,1 2 3 4 5
2685330035032670,2 3
268569274414664,1 2 3 4 5
268617657531730,5 7
2687107181517993,3 4 5 6
268757407683045,5 6
268782560909289,1 2 3 5 6
268887244174766,5 6
2688892311340289,3 4 5 6
2689584887967073,5 6
269054157843882,3 4 5
269095154258349,3 4 5 6
269099610832663,3 4 5 6 7
2691197074533117,3 4 5 6
269127344226997,3 5
269206271022206,3 4 5 6
2692518824356505,4 5 6
2692539677685449,3 4 5
269311254102332,4 5 6
269406431062760,3 4 5 6
269523764188591,5
2695863050693804,3 4 5
2696028020715366,5
2698205843745477,3 4 5 6
2698610583791835,3 4 5 6
269906084119620,3 4 5
270067434393887,3 4 5 6
270130557393570,3 4 5 6
270200390769003,2 3 4 5 6
270236504388441,3 4 5 6
270459657607256,4 5
270479830764093,5 6
270588290914511,3 4 5 6
2706275586308630,3 4 5 6 7
270675937480095,3 4 5 6
270676224047041,3 4 5 6
270679544052245,3 4 5 6
270690260645849,4 5 6 7
270733861034734,3 4 5 6
270821330804940,3 4 5 6
270828644068976,4 5 6
270928894096576,3 4 5 6
271187924082059,1 2 3 4 5 6
271289330730515,4 5
2713802962183032,1 3 4 5 6 7
271420007515951,3 4 5
271446250937429,2 3 4 5 6 7
2715456735358539,1 2 3 4 5 6
2717752761799415,4 5
271844350793906,3 4 5 6
271896900785812,3 4 5
2718983781555365,3 5
271919140788886,3 4 5 6
272178700798128,3 4 5
272253890522477,3
272335073858009,3 4 5 6
2724204357690468,5
272540590775657,2 3 4 5 6
272554214027690,3 5
272574634174731,1 2 3 5 6
272598820753732,2 3 5 6
2727584524020291,3 4 5 6
272960983909994,3 4 5
272990450615390,3 4 5
273230490515944,1 3 4 5 6 7
273371830483654,2 3 4 5 6
2735010759971548,4 5 6 7
273835553837998,2 3 4 5 6 7
273858407362843,4 5
2741579766166582,3 4 5 6
274297100332581,3 4 5 6 7
274331590578947,5
2743869372401827,3 4 5 6 7
2744417512500778,2 3 4 5 6
274502643809102,
2745591485659547,3 4 5 6
274609803742192,1 3 4 5 6
274629717222279,4 5 6
274682650351331,3 4 5 6
275067736874062,3 4 5 6
275194530295493,3 4 5 6
275237333846701,4 5 6
275319796979747,3 4 5
275355873875276,1 3 4 5 6 7
275357193518010,5 6 7
2753843701527521,2 3 4 5
275543593485510,4 5 6
275565950422167,5 6 7
275589173831869,3 4 5 6
275841607158289,
276160897159817,3 4 5 6
276334406854617,3 4 5 6 7
276341153602655,3 5 6
2766260623656475,3 4 5
276647567062263,4 5
276889473418165,3 4 5
276967280215275,3 4 5 6
2771343643152600,4 5 6
277356613579260,1 3 4 5 6
277628523310834,3 4 5 6
277629313284903,3 4 5
277711150007061,2 3 4 5
277799870257104,4 5 6
2778018355766163,3 4 5 6
2778520622382552,3 4 5 6
2779293605661708,2 3 4 5 6 7
277935160117930,5 6 7
277953376986876,3 4 5 6
2780086618763234,4 5
278079626899313,3 4 5
278140599978140,5 6 7
278240330084731,4 5 6
278252260218306,2 3 4 5 6
278261113585241,3 4 5 6
278292423543086,1 2 3 4 5
2783087545248465,3 4 5 6
278315796731123,3 4 5 6
278706116591372,3 4 5
2788307184736878,4 5 6
278836436499649,1 2 3
278901343226871,2 3 4 5 6
2791820924387481,4 5 6
279641209892479,3 4 5 6
2799387763677280,2 3 4 5
280114459788661,4 5 6
280174203365763,3 4 5
280209599760538,3 4 5 6 7
280222279822592,3 4 5
280422132937214,3 4 5 6
280528943314049,5 6
280544369696678,3 4 5 6
2807359302709715,3 4 5 6
280760503136226,3 4 5 6
280860469751479,3 4 5 6
2812749812288898,2 3 4 5 6
281291373256185,3 4 5 6
281392059573208,1 5
281478876323552,4 5 6 7
281534183243424,3 4 5 6
281701033196188,5 6
281786526536863,2 3 4 5
281859156153728,3 4 5 6
281926136272825,5
282468336203817,3 5
282468922949770,3 4 5 6
282571302987154,3 4 5 6
2830006440600655,2 3 4 5
283264039476953,2 3 4 5 6
2834084576702716,4 5
283554062800179,4 5 6
2836140896497154,5 6
283664416095713,3 4 5
283721032820272,1 2 3 4 5 6
284198619301962,3 5 6
284274112701691,4 5 6
284339119372600,2 3 4 5
284378426031595,3 4 5
2843870145884563,4 5 6
284480049406213,3 5
284507506030059,3 4 5 6
284507686004968,5
2847438135383676,5 6
284974702535916,2 3 4 5 6
285040379531019,3 4 5 6 7
285228905994729,1 2 3 4 5 6 7
2852506214852836,4 5 6
285373532853103,2 3 4 5 6 7
2854142801382177,1 2 3 4 5 6 7
2859952087436737,3 4 5 6
2859952750798552,3 4 5
286317242775288,1
286471946051814,4 5 6
286664829123606,4 5
2867221486660113,2 3 4 5 6 7
2867648983355013,3 4 5 6
2872267092895784,4 5
287348482648974,3 4 5 6 7
287445545961761,3 5
2874775105979049,3 5 6
2876189242472641,3 4 5 6
287642619045782,2 3 5
2876701245712153,3 4 5 6 7
287810365749756,2 3 5
287832582350527,4 5 6
288132152326583,3 4 5
288145082587817,1 3 4 5 6 7
288182522324567,3 4 5 6
2886656931370002,4 5 6
288725102272743,3 4 5
2887938717928368,
288943185458645,3 4 5
288995855616005,2 3 4 5 6
2890500697739072,3 4 5 6 7
289078688896955,3
289096955457090,3 4 5 6
289157058948781,3 4 5 6
289313025597244,5 6
2898298396965050,4 5 6 7
289830195404702,3 5
289867908853869,3 4 5
289870145479584,3 4 5 6
289946058708242,4 5 6 7
289966845475703,3 4 5 6
2899703556772235,3 4 5
2901053729925537,3 4 5 6
290313232099300,3 4 5 6
290534571980829,5
290789698754415,4 5 6 7
291091662045642,3 4 5 6
291110528713274,3 4 5 6
291138055259315,3 4 5 6
291193888928770,3 4 5
291215508954372,3 4 5 6
2914920011966858,3 4 5 6
2917851281671088,3 5
2920167694769102,3 4 5 6
292039025287079,3 4 5 6
2920680554677167,3 4 5 6
292115898506696,3 5 6 7
292429681781995,3 4 5 6 7
2924711837566539,4 5 6
292514522158705,3 4 5 6
292639535456158,5 6
292770415073973,4 5
292829025075532,3 4 5 6
292887928764677,5
2929673100402814,2 3 4 5 6 7
293045918756953,3 4 5 6 7
2931530230288229,4 5
2932190823459632,2 3 4 5 6 7
293336288488779,3 4 5 6
293384618644030,2 3 4 5 6
293457505164268,1 2 3 5 6
293518365022112,3 4 5 6
293540161670127,3 4 5 6
293804381672707,2 3 5
2939129762874618,2 3 4 5 6
293930138304409,2 3 4 5 6 7
294339505035417,3 4 5
294410521732666,2 3 4 5
294569791928772,3 4 5 6
294607765009068,3 4 5 6
294625765058923,1 2 3 4 5 6
294630741672555,3 5
2948423835205005,3 4 5 6 7
294923631905204,4 5 6 7
295109631644528,3 4 5 6
2951100328315340,3 5
295284811876209,5
295997018110417,3 4 5 6 7
2960457347336749,4 5 6
2961445790617374,3 4 5 6
296234974751880,3 4 5 6 7
2964201346993937,
296618114710616,3 4 5 6
2966649460078847,2 3 4 5 6
296725658177883,3 4 5
2967278130014464,3 4 5 6
297137278108661,5 6
297394964975755,4 5 6 7
2974974009260772,5 6
2975232145905459,3 4 5 6
297657018044071,3 4 5 6
2976934039021942,2 3 4 5 6
2978383958896400,3 4 5 7
2978407815586510,2 3 4 5 6 7
2978494958913553,4 5 6
297896857894859,3 4 5 6
298205497850186,4 5 6
2986330341416308,1 2 3 5
2986482431398771,5 7
298836104470015,3 5 6
298918277818342,5
299009491119568,4 5 6
299163974582414,3 4 5 6
299176607761483,4 5 6
299557394436286,5 6
299611031076727,5 6
299793334712497,1 2 3 4 5 7
299976271387556,3 4 5 6 7
3000054886711029,2 3 5 6
300008117674965,3 4 5
3001047696593417,4 5
300468167652395,1 2 3 5
3005199186215745,3 4 5 6 7
3005480456209688,3 4 5 6 7
300603994309986,3 4 5 6
300736638001880,1
3007685885964121,3 4 5 6
3011293012320895,3 4 5 6
3012380578856999,2 3 4 5 6
302031654161535,3 4 5 6 7
3021150404630938,3 5 6
3021354911305933,3 4 5 6
3021448427976315,3 4 5 6 7
302264030960542,3 4 5 6 7
3024336204326354,3 4 5
302457754083664,1 2 3 5 6 7
302571300779490,4 5 6
302913544030164,3
303017180883471,3 4 5 6
3031577873563667,3 4 5
303219420714217,4 5 6 7
3035858436511244,4 5 6 7
3036322883126197,4 5 6
304191390758909,3 4 5 6
304264554069573,3 4 5 6
3043369502366647,3 4 5 6
3044982305539624,1 3 4 5 6 7
304604290558537,4 5 6
304663727329039,1 3 4 5 6 7
3046839532078250,5
304906234012636,3 4 5 6
3050203651734013,2 3 4 5 6
3051220298329693,3 4 5 6 7
305162360868991,4 5 6
305401494197182,3 4 5 6 7
305593417245166,3 4 5
305612810835107,3 4 5 6
3057085284375192,3 4 5
3057344194319953,3 4 5 6 7
3060487647367268,1 2 3 4 5 6
306738593664418,4 5 6
3068502389877277,3 4 5 6
307100484021778,3 4 5 6
307102286963058,3 5
307334497095844,3 4 5 6
3074452499259087,2 3 5 6
3074733075915096,3 4 5 6
307678343718275,3 4 5
307799156898245,3 4 5 6 7
308214673547568,1 3 4 5 6 7
308356336853559,3 4 5 6 7
3084802701600369,3 4 5
308503566844312,4 5 6
308571916829074,3 4 5 6
3086767861370281,4 5
308738386951204,3 4 5
308820226962423,1 2 3 4 5 6 7
3090341151057746,1 3 4 5
3092439417464612,3 4 5 6
3093320137401137,3 4 5 6
309350793420811,3 4 5 6
3096991377025084,3 5
3098900546824628,3 5
309962199988641,2 3 4 5 6 7
3101406646569354,2 3 4 5 6
310411346643187,3 4 5 6
310580279968487,5 6
3106223572772944,3 4 5 6
310872176597006,3 4 5 6 7
3111596318857662,4 5
311174916552107,2 3 4 5 6
3112595408774109,1 5 6
3115643435135807,
3116469045058569,4 5 6
311913083031385,3
3119132274776885,4 5 6
312204829779648,1 4 5 6 7
3123675627693873,1 2 3 5 6 7
312545309757347,1 4 5
3126564890761660,3 4 5 6 7
312883016381467,3 4 5 6
312958793429919,5
3131799933606162,3 4 5 6
3132575223429303,3 4 5 6
313333476517180,3 4 5 6
313578652985835,3 4 5 6
3141308339233403,2 3 4 5 6 7
3141824599244470,2 3 4 5 6
3148539035266735,3 4 5 6
3150323461716294,1 3
3153067034758073,3 4 5 6
3155284451205341,2 3 5 6 7
315672316102478,3 5 6
315673666085303,3 4 5 6
3156881424382220,4 5 6
316279512724289,3 4 5 6
316318679368164,2 3 4 5 6 7
316431949346836,3 4 5
317012945978929,3 4 5 6 7
317494835918052,5
317562319258604,3 4 5 6 7
3175851482471331,1 2 3 4 5 6 7
317644422962446,3 4 5 6 7
3184499161611161,3 4 5
318671159531120,3 5
3187998807936429,3 5 6
3188615397827200,3 4 5 6 7
318961489118677,3 4 5 6
318995002427089,4 5
3191246574271429,3 4 5 6
3199012693455497,3 4 5 6
3200663306634206,3 4 5 6 7
320563022269690,2 3 4 5
320591749343818,3 4 5 6 7
3207419669322973,3 4 5 6
3208116149235074,1 2 3 4 5
3210118959049332,2 3 4 5 6
322274168766524,3 4 5 6
322308015460869,3 4 5 6
322465232080998,3 4 5
322526345423322,3 4 5 6
3234056696657043,3 4 5 6
3238595266366511,3 4 5
324162331926918,3 4 5 7
3252094688155485,4 5 6
325527738460465,3 4 5 6
325867225077908,5 6 7
326164858406445,5 6
3264583706908523,4 5 6
3265016613722523,3 4 5 6 7
3271828119496284,5 6 7
3285986534960102,3 4 5 6
3286239214754552,3 4 5 6
3293142504032114,3 4 5 6
3299441493399680,1 3 4 5 6
3303825849661406,3 4 5 6
3303971009626475,3 5 6
330566524575617,3 4 5 6
3309875829079896,3 4 5 6
3311384088920283,2 3 4 5 6
3320396394685352,3 4 5 6
3339970246037242,3 4 5 6
334044227566737,3 4 5
334240160895407,3 5
3342828589124364,3 4 5
3344846418867522,3 4 5
334609774191687,3 4 5 6
3350586131620682,3 4 5 6
335477820778349,3 4 5 6 7
336277524134280,2 3 4 5
3366412176715848,3 4 5 6
336674410627853,3 5
336948213961103,3 4 5 6
338508713788983,4 5
339765577005340,5 6
3402477426448735,3 4
340415533613103,3 4 5
340990200221587,3 4 5 6 7
342576890042934,1 2 3 4 5 6
342666070053979,4 5
342961400022164,3 4 5 6
344363849865374,1 2 3 5 6 7
344624206504461,2 3 4 5 6
345825589717672,3 4 5 6 7
3460403540636291,3 4 5 6
3465448666815850,3 4 5 6
3467862439891227,3 4 5 6
348374116136824,1 3 4 5 6
348823996251564,1 3 5
349229152727278,2 3 4 5 6
3525799530768263,3 4 5 6 7
3532160166813397,3 4 5 6
3542692709137458,4 5 6
354889142142844,3 4 5
356297952008000,3 5
356510125329212,5 6
357189918584572,3 4 5 6
3579473648747455,4 5 6
358347045142826,3 4 5 6 7
3591967157487353,3 4 5 6 7
3602335223141271,3 4 5
3605342566147981,3 4 5 6
362245888081655,2 3 4 5 6 7
362406314725011,3 4 5 6
362739818032585,3 4 5 6 7
365696274314767,3 4 5 6 7
367456854196512,3 4 5 6
368154937484668,1 4 5 6 7
368566794102608,3 4 5 6
369078230719414,3 4 5 6
375555550040407,3 4 5
377190199923265,3 4 5
3781890175185696,4 5 6
3786719838009218,3 4 5
379820722978936,2 3 4 5 6 7
3835241293212696,1 5 6
384442192487608,4 5 6
384534785794034,3 4 5 6 7
3845538102186765,3 4 5
384615719180517,1 2 3 4 5 6
3894739253933129,3 4 5
389671288682734,3 4 5 6
390201288593449,3 4 5 6
3915329821871811,2 3 4 5
392051075049596,4 5 6
395232294729189,4 5
396690224581617,3 5
397063834583779,5
3976030722470337,3 4 5
398698634332589,3 5
399068704342947,3 4 5
401802620775689,3 4 5
402841533970569,4 5
407530916871416,3 4 5 6 7
4137498396325209,4 5 6
415029066032616,3 4 5
4196684970371710,3 4 5
4223676417672304,2 3 4 5 6
4236078319737366,
4239086276116659,4 5 6
